user_id,username,email,password_hash,registered_on
1,amayer,gary86@example.net,d92ba08df40ae74e1639e2ca1497a209e424189cbf89a4ddda3df3ee4bb52e5d,2022-04-29
2,blankenshipkelsey,brendabuckley@example.org,7c679d07564a37e462a31cb1d8616a95f49db7f52aeb634cf9230c30e96e6265,2022-07-20
3,holly20,emmahenderson@example.org,fdb845819a3a4d918b13d4401c1fb1a1ef807474afece1b58a3df76288af4dd4,2022-11-17
4,nicholskelly,andrewbowman@example.com,20532f6af6bdd3465312b4d37b45f9082e9d06e1b25b25f508165b7c56d4b998,2023-11-10
5,johnsonkevin,lambertbenjamin@example.org,d6a95584e28cb76f72335bcda905c7b4676ba5f412a177e961fbd12fd697ebb4,2023-04-27
6,victoria33,edwardssusan@example.com,bdd96eb0e653df2e86a00334bca403f8c752979a4fa7e926b5d5967065662d69,2023-09-30
7,ogilbert,morrisglenn@example.org,6cae813b9480c610cb73de9d457b239132268b9d9bc52d6921caf5084f1c8191,2023-08-01
8,phart,austinbrady@example.com,fb60b4b092756606e17c236a7e70730108100d847578ee548254e0d88cf5fec0,2022-08-15
9,mowens,georgeluna@example.com,8dac917a625ff14b324f4e17583f14767941905df5075d434fe0b51507c15348,2024-02-29
10,scruz,joseph13@example.com,c74315d41f5b625c1c10f4071a4d3539a4bb69fb988ab7d8903ef3c2ba562538,2023-01-02
11,oarmstrong,laurakelley@example.org,1b68831577b2d0def3dd5abb4efed44648b9a1457d98a77d8af332d3e708e847,2024-01-04
12,dhammond,shortvictoria@example.net,3a06836125d7f3955edd0477a2d82ca5decdc240e2788067d4e5faf90dfab74e,2022-11-14
13,hcoleman,tracy35@example.org,d023d7ba3f55e954893bbc9758cdc3f9a36d9b16d7454be1933cfce3dd3e0ce3,2024-01-22
14,tonya05,joshuamorton@example.com,d7380449e12c398f89cca916a98aed9aef4a9bae57b30883f9d1c013ed89abd3,2023-11-04
15,leahgilbert,jhall@example.net,e151401656969c2fb42af7fd7d945dd08e8ffd933968fe65108d23719cfb47a9,2022-07-17
16,ywells,hardyanna@example.com,08fd90ffcb0fd1e2c1e53988c68888d98564c1b68a511d486e0c40fea7793300,2022-06-24
17,owilliams,justin36@example.com,c670c63161cef2b27b4e7695a4a352b8cd1e8d292e38b07d5835677d891cca7f,2022-12-23
18,cfowler,xjohnson@example.org,db5a03fdfc407931c050358db642eb8dd0fa70840b80ac3b1501cf526d7a0760,2022-07-09
19,nguyendean,uanderson@example.org,2df4e59a1c0c83410058acc96336f3e77f3e38dbe0a63564e376a96d34113e3d,2023-03-13
20,haley58,dmiller@example.com,7e0e7e42cd9a964dd4b80f4e07f01c7815afdbcd8dc1b7fdda0a595d397353b1,2024-02-23
21,framirez,wdunlap@example.org,9d6e2d1c4fb4a826a829074eddc71a6c0802e3854a8ba1b28e7ad797aec911c5,2024-03-15
22,sgomez,rioskaren@example.org,eac23a7f32643e41d903ba12984ed3c64cd152409c75f6ea7f5e357b9ebd7b2d,2022-12-15
23,krystal20,richardthompson@example.org,bf9926a446f44432c08cebcff3268338b4ee04a64cab1fe67dd38b256703bbc6,2024-01-05
24,erinharrison,dwebster@example.org,ea848aee1e01481f30bbc82634d6847a74e95211172910b26db828039489d44d,2023-02-27
25,kmcgrath,xsalazar@example.net,0e1af2d5701f6b4770752555f1eeb97bb6c7c17d95e4d0457e664b8dc872449a,2022-06-02
26,billcooper,amy03@example.net,8f0af351b162268b209e0b7e3b0cf02844776794ed21bbfa94cf56defd6000a4,2022-09-26
27,rstanton,sarah44@example.org,1b315a9a31da7735baa17381a0779dfcc58cd66b3ab7a347b0f55ba360b8228e,2022-10-20
28,fordjacqueline,harold09@example.com,c6ebd16874e8ae266e3a06c6df596493033b25ffd6bf56c863ffebe420997aa9,2023-02-02
29,david70,clowe@example.net,0df7f905e6550f82a8dad9fba550a33f76517cafb0aa13c9625f235284dcc174,2024-04-14
30,barbara08,robertalewis@example.net,b61c08215aa57e79c334b5a8bd0ad5d2dba96d51cb0e9682420b34d89c66b1ed,2022-06-19
31,hannah18,christopher00@example.net,e3e228addcc00ddaa30904ba5e9db850115f8eddc4f6a22a9d867122bc4f6b82,2023-09-03
32,zmendoza,lwolf@example.org,55c65df902d137002fe773a858029f5562e5b2b3da38cf1349beaf934dd90ec2,2023-07-14
33,atkinsonjennifer,turnerlaura@example.net,3319ca252e21e629d38004e05e440f5e29011094039a905a7fe9eb0658bcdc60,2024-03-18
34,kellykelsey,ojuarez@example.net,33b0cc5d613d3469807a08368681ee78f5f101b67d58d4369573506ed08c2502,2023-04-09
35,yblevins,riveravictoria@example.org,7e2ca7287dc4d6ddbcdc77bb36d8dd943416a2fc5f63c7b754263d73fa52af35,2023-02-23
36,keithmoore,clarkdavid@example.org,b22c2526eab13234ef069fe6712c59d1205274d85e36247b9723d536f45f925d,2023-06-21
37,rthornton,castilloellen@example.net,eabcdcf53d93b4c636f215e4e5f7f4de8fcbf5c9251243622567c334c83f862d,2023-10-12
38,chanstephen,longemily@example.com,4a53dc14157c8bcff07a620a0f70fe648c101b708355ee078a9ddc4d6a09e4a7,2022-10-28
39,melissazhang,timothyjimenez@example.org,bbb3d55c68a999901afd4ba092ec052086a6a05b1f19a96fb1e6bb85dcafe103,2024-04-02
40,collinsjerry,ugilbert@example.com,84d57da11ce3a35623ccad64f7daac8e0fd753178008b26ac16ff2d96af1b4ab,2023-06-13
41,kbrown,tyler22@example.org,08f4cc412ddae11481dad2d302aa1620ecea7afa394a3ad3de60db98b56b483e,2022-07-27
42,mfarrell,danielle02@example.net,cdbe32ff1ab139107950f0bf0de7050e862e49a49f86943c4dc31ea921ca3606,2024-04-18
43,joshuablack,jamiecurry@example.net,680e386b834bc516c8b43ac9305ee388c23ed921cf79986f7888ed3528e6b918,2022-05-09
44,keithnelson,stevensmith@example.com,3cfd703610bedd80ce7d50987b5d1695b0b17aa62d19a7660ba784c469629db7,2024-03-07
45,brianna19,beckywatkins@example.com,7b3ec00a56fec781408cd8c3aa72a960be97271a00d4fa3946ebd9ffa258879f,2023-12-15
46,paul08,jromero@example.org,d5ae9d4c76485976d2f2a174714feb9b7ab229206e8fef7ea8fbda288c11253c,2024-03-08
47,yjones,amanda05@example.org,ac08dee189813d77cac56d892f1650a1c5e41de29544b608b8ce11e27358bc1b,2022-12-18
48,richardpotter,bishopjoseph@example.net,68eaeade2ff6737a3a84c1e052d4b18a55106a94b18f97c2038a9eaf8fecce9d,2023-07-17
49,kim06,brittanyclark@example.com,ae8ff34b7aa45710ff3fabd257c10f8f101b63198f3473b7df779084a168ff02,2023-09-08
50,benjamin04,ubrown@example.net,f44a3940ae870f3ba116845070c678050445a606b071332e07dd5ba75b1680b1,2023-11-10
